PSD,CW,TW
0.08354983,1.109,0.485
0.103638109,2.087,1.289
0.094229736,1.465,0.954
